{"cameraMode":{"drawMode":0,"name":"Shaded","section":"Shading Mode"},"sceneLighting":false,"audioPlay":false,"sceneViewState":{"m_AlwaysRefresh":false,"showFog":false,"showSkybox":false,"showFlares":false,"showImageEffects":false,"showParticleSystems":false,"showVisualEffectGraphs":true,"m_FxEnabled":true},"in2DMode":false,"pivot":{"x":0.21075329184532166,"y":0.26181817054748537,"z":0.21939778327941895},"rotation":{"x":0.011375993490219117,"y":0.9879942536354065,"z":-0.09098797291517258,"w":0.1254696249961853},"size":0.5002475380897522,"orthographic":false}