{"cameraMode":{"drawMode":0,"name":"Shaded","section":"Shading Mode"},"sceneLighting":false,"audioPlay":false,"sceneViewState":{"m_AlwaysRefresh":false,"showFog":true,"showSkybox":false,"showFlares":true,"showImageEffects":true,"showParticleSystems":true,"showVisualEffectGraphs":true,"m_FxEnabled":true},"in2DMode":false,"pivot":{"x":0.8635647296905518,"y":1.4764459133148194,"z":-0.36358800530433657},"rotation":{"x":-0.05724264681339264,"y":-0.7305592894554138,"z":0.061767950654029849,"w":-0.6777253150939941},"size":1.0722582340240479,"orthographic":false}