{"cameraMode":{"drawMode":0,"name":"Shaded","section":"Shading Mode"},"sceneLighting":false,"audioPlay":false,"sceneViewState":{"m_AlwaysRefresh":false,"showFog":true,"showSkybox":false,"showFlares":true,"showImageEffects":true,"showParticleSystems":true,"showVisualEffectGraphs":true,"m_FxEnabled":true},"in2DMode":false,"pivot":{"x":0.9216402769088745,"y":0.028804510831832887,"z":-0.02776343934237957},"rotation":{"x":-0.13557757437229157,"y":-0.6920508146286011,"z":0.13474126160144807,"w":-0.6962078213691711},"size":1.1656243801116944,"orthographic":false}