{"cameraMode":{"drawMode":0,"name":"Shaded","section":"Shading Mode"},"sceneLighting":false,"audioPlay":false,"sceneViewState":{"m_AlwaysRefresh":false,"showFog":false,"showSkybox":false,"showFlares":false,"showImageEffects":false,"showParticleSystems":false,"showVisualEffectGraphs":true,"m_FxEnabled":true},"in2DMode":false,"pivot":{"x":0.07478392124176026,"y":0.11699098348617554,"z":0.27677929401397707},"rotation":{"x":0.027310751378536226,"y":0.9714962244033814,"z":-0.1891951858997345,"w":0.14120502769947053},"size":0.6907447576522827,"orthographic":false}