{"cameraMode":{"drawMode":0,"name":"Shaded","section":"Shading Mode"},"sceneLighting":false,"audioPlay":false,"sceneViewState":{"m_AlwaysRefresh":false,"showFog":true,"showSkybox":false,"showFlares":true,"showImageEffects":true,"showParticleSystems":true,"showVisualEffectGraphs":true,"m_FxEnabled":true},"in2DMode":false,"pivot":{"x":-14.55024528503418,"y":0.7297232747077942,"z":1.2364634275436402},"rotation":{"x":0.033050257712602618,"y":0.918638288974762,"z":-0.07909039407968521,"w":0.38603338599205019},"size":1.8951056003570557,"orthographic":false}